genre,user_rating
fiction,4.6483333333333325
non fiction,4.59516129032258
